{
    "buffer": 300,

    "leisure": 0.066667,
    "landuse1": 0.116693,
    "landuse2": 0.033552,
    "food": 0.052179,
    "health": 0.069502,
    "retail": 0.144682,
    "appres1": 0.317157,
    "appres2": 0.199567,

    "motorway1": 0.488181,
    "trunks1": 0.237319,
    "primary1": 0.158893,
    "secondary1": 0.076837,
    "tertiary1": 0.038770,

    "motorway2":0.092171,
    "trunks2":0.062816,
    "primary2":0.183287,
    "secondary2":0.376587,
    "tertiary2":0.285138
}
